* The following is the list of plates in the on-line Consolidated Lunar Atlas from the Lunar and Planetary Laboratory,,,
* It has been put in a format which (when saved as a  .csv  file) can be read by the PSS feature in LTVT,,,

* Note:  blank rows and rows starting with a * are treated as comments and ignored by LTVT,,,
*  Please do not use any commas or semi-colons anywhere in this file -- they will lead to a bad .csv version and confuse LTVT,,,

*Date,Time,Plate,Photo
28/04/1966,2:37:30,B9,C1514
4/28/1966,2:37:30,B9,C1514
4/28/1966,2:50:12,D12,C1527
1/19/1967,2:41:48,E12,C3846
1/19/1967,2:44:42,F12,C3853
1/19/1967,2:52:00,G11,C3870
1/19/1967,2:56:30,A5,C3879
1/19/1967,3:03:30,C9,C3897
5/28/1966,4:01:54,B10,C1890
5/28/1966,4:06:12,C10,C1894
5/28/1966,4:11:12,D14,C1900
5/28/1966,4:16:24,C15,C1911
1/20/1967,1:44:42,A8,C3898
1/20/1967,1:46:06,C13,C3902
1/20/1967,1:47:06,D15,C3904
1/20/1967,1:51:36,G13,C3911
1/20/1967,1:52:18,H7,C3912
1/20/1967,3:16:00,B12,C3924
1/20/1967,3:27:12,E14,C3944
1/20/1967,3:29:54,F14,C3950
5/29/1966,3:46:48,C14,C1960
5/29/1966,3:50:48,E15,C1968
5/29/1966,4:40:36,F15,C1995
2/19/1967,2:53:48,B13,C4184
2/19/1967,2:56:48,D17,C4195
10/24/1966,2:59:42,A10,C3027
1/21/1967,2:35:30,H11,C3968
1/21/1967,2:42:30,E17,C3977
1/21/1967,2:44:12,D19,C3979
4/1/1966,3:22:18,D20,C1196
4/1/1966,3:24:12,E18,C1199
4/1/1966,3:31:48,G15,C1208
4/1/1966,3:37:12,H12,C1214
12/23/1966,4:38:00,A12,C3718
12/23/1966,4:43:48,C16,C3727
12/23/1966,4:53:48,F16,C3745
1/22/1967,2:53:42,H16,C4036
1/22/1967,3:04:18,G18,C4044
1/22/1967,3:07:36,F18,C4048
1/22/1967,3:11:00,E21,C4052
1/22/1967,3:17:48,D22,C4060
1/22/1967,3:20:00,C17,C4062
1/22/1967,3:27:30,B15,C4071
1/22/1967,3:30:48,A13,C4079
4/2/1966,8:03:18,G19,C1254
4/2/1966,8:05:12,F19,C1256
4/2/1966,8:11:42,E22,C1262
4/2/1966,8:26:30,C19,C1275
4/2/1966,10:46:12,H17,C1318
5/2/1966,3:49:54,B16,C1585
5/2/1966,4:05:54,F21,C1607
5/2/1966,5:45:42,E23,C1662
2/22/1967,3:20:06,C20,C4259
2/22/1967,3:22:54,D24,C4268
2/22/1967,3:34:54,F23,C4301
2/22/1967,3:38:12,G21,C4308
2/22/1967,3:42:54,H21,C4321
12/6/1965,5:02:00,A15,C358
12/6/1965,5:07:00,B18,C363
12/6/1965,5:14:00,C21,C369
12/6/1965,5:18:00,D26,C374
12/6/1965,5:23:00,E25,C378
3/5/1966,6:01:00,G22,C931
2/4/1966,6:52:18,D27,C790
2/4/1966,7:02:18,E27,C796
2/4/1966,7:06:42,F24,C801
2/4/1966,7:08:36,G23,C804
10/9/1965,6:29:06,AI,N5818
10/9/1965,6:29:06,BI,N5818
10/9/1965,6:29:06,BII,N5818
10/9/1965,6:29:06,BIII,N5818
10/9/1965,6:29:06,CI,N5818
10/9/1965,6:29:06,CII,N5818
10/9/1965,6:29:06,CIII,N5818
10/9/1965,6:29:06,CIV,N5818
10/9/1965,6:29:06,DI,N5818
10/9/1965,6:29:06,DII,N5818
10/9/1965,6:29:06,DIII,N5818
10/9/1965,6:29:06,DIV,N5818
10/9/1965,6:29:06,EI,N5818
10/9/1965,6:29:06,EII,N5818
10/9/1965,6:29:06,EIII,N5818
10/9/1965,6:29:06,EIV,N5818
10/9/1965,6:29:06,FI,N5818
10/9/1965,6:29:06,FII,N5818
10/9/1965,6:29:06,FIII,N5818
10/9/1965,6:29:06,FIV,N5818
10/9/1965,6:29:06,GI,N5818
4/22/1959,3:57:00,GII,Y106
4/22/1959,3:57:00,HI,Y106
4/22/1959,3:57:00,HII,Y106
10/28/1966,6:07:06,D28,C3198
10/28/1966,6:10:42,F26,C3205
10/28/1966,6:25:18,E28,C3233
10/28/1966,6:28:18,C23,C3239
10/28/1966,6:32:06,B20,C3249
10/28/1966,6:34:00,A16,C3252
10/28/1966,7:52:24,A11,C3265
1/6/1966,5:45:00,H24,C543
1/6/1966,6:04:12,G25,C558
1/17/1946,7:50:36,GIII,L224
1/17/1965,7:25:18,AII N,16_3171a
1/17/1965,7:25:18,AIII N,16_3171a
3/13/1960,5:16:36,Y842,Y842
4/6/1966,7:18:00,D1,C1337
4/6/1966,7:31:42,G2,C1348
4/6/1966,7:58:12,F1,C1354
4/6/1966,8:00:00,E1,C1355
9/18/1959,8:12:00,HIII,Y482
5/6/1966,8:11:48,E2,C1726
5/6/1966,8:15:42,F2,C1732
5/6/1966,8:17:42,G3,C1735
5/6/1966,8:36:24,D2,C1760
5/6/1966,8:37:30,C1,C1761
5/6/1966,8:39:48,B2,C1765
5/6/1966,8:43:18,A2,C1769
1/9/1966,8:16:00,E4,C648
1/9/1966,8:30:00,G5,C664
1/9/1966,8:32:00,H1,C666
1/9/1966,8:39:00,H6,C675
1/9/1966,11:18:00,C3,C687
1/9/1966,11:21:00,D4,C692
1/9/1966,11:26:00,F5,C701
11/11/1965,10:06:06,B4,C202
10/13/1965,8:04:12,F6,C101
10/13/1965,8:23:36,B5,C111
10/13/1965,9:20:12,G6,C123
9/3/1966,9:19:00,E6,C2491
9/3/1966,9:24:24,C5,C2499
9/3/1966,9:26:18,B6,C2500
9/3/1966,9:42:24,D6,C2518
9/3/1966,9:47:12,A4,C2527
1/10/1966,9:46:00,H8,C749
12/1/1966,8:07:48,BIV,N9547C
12/1/1966,8:07:48,CV,N9547C
12/1/1966,8:07:48,DV,N9547C
12/1/1966,8:07:48,EV,N9547C
12/1/1966,8:07:48,FV,N9547C
12/1/1966,8:07:48,GIV,N9547C
11/12/1965,10:10:42,H9,C214
11/12/1965,10:19:48,H5,C218
11/12/1965,10:25:06,G7,C220
11/12/1965,10:31:12,F7,C223
11/12/1965,10:37:12,E7,C226
11/12/1965,10:44:36,D7,C230
9/4/1966,10:01:18,C6,C2544
9/4/1966,10:03:12,B8,C2545
9/4/1966,10:30:12,G10,C2555A
9/4/1966,10:32:00,F9,C2559
9/4/1966,10:33:24,E8,C2564
9/4/1966,10:37:36,D8,C2571
9/4/1966,10:43:36,A6,C2580
11/3/1966,9:04:36,E11,C3355
11/3/1966,9:15:18,D11,C3362
11/3/1966,9:30:42,H13,C3372
9/5/1966,11:30:12,G12,C2584
9/5/1966,11:40:18,C8,C2593
9/5/1966,11:43:24,A7,C2597
9/5/1966,12:21:12,F11,C2615
9/5/1966,12:25:18,H10,C2618
11/4/1966,10:24:48,H14,C3437
9/6/1966,10:40:30,A9,C2620
9/6/1966,10:43:42,B11,C2626
9/6/1966,10:45:42,C11,C2629
9/6/1966,11:01:12,H15,C2653
9/6/1966,11:02:42,G14,C2655
9/6/1966,11:05:36,F13,C2661
9/6/1966,11:07:30,E13,C2663
9/6/1966,11:10:06,D13,C2668
8/8/1966,10:55:12,G16,C2435
8/8/1966,11:03:24,D16,C2439
8/8/1966,11:08:24,B14,C2444
9/7/1966,11:14:00,H18,C2681
9/7/1966,11:25:12,D18,C2695
9/7/1966,11:27:00,C12,C2699
9/7/1966,11:39:12,E16,C2720
9/7/1966,12:02:42,G17,C2743
7/11/1966,11:36:00,D21,C2303
7/11/1966,11:41:00,F17,C2317
9/8/1966,11:52:42,E19,C2781
10/8/1966,11:56:30,H19,C2849
10/8/1966,12:05:06,D23,C2857
10/8/1966,12:08:42,B17,C2862
10/8/1966,12:18:18,E20,C2878
10/8/1966,12:20:18,F20,C2880
10/8/1966,12:22:42,G20,C2885
10/19/1965,11:47:36,H20,C142
10/19/1965,12:12:54,H23,C162
7/12/1966,11:26:00,A14,C2349
7/12/1966,11:37:18,F22,C2365
6/13/1966,11:46:42,B19,C2396
10/9/1966,11:31:12,E24,C2921
10/9/1966,11:32:36,D25,C2923
10/9/1966,11:35:18,C18,C2928
10/9/1966,11:45:12,H25,C2933
7/13/1966,11:35:12,E26,C2376
7/13/1966,11:37:00,F25,C2380
7/13/1966,11:44:36,C22,C2391
9/10/1966,12:01:42,G24,C2821
9/10/1966,12:06:00,H22,C2827
8/12/1966,11:40:18,G26,C2477
6/3/1938,4:00:00,A1,L175
6/3/1938,4:00:00,B1,L175
6/3/1938,4:00:00,C2,L175
6/3/1938,4:00:00,D3,L175
6/3/1938,4:00:00,E3,L175
6/3/1938,4:00:00,F3,L175
6/3/1938,4:00:00,G1,L175
6/24/1966,3:16:54,H2,C2153
6/24/1966,3:36:36,G4,C2189
6/24/1966,3:41:54,D5,C2201
6/24/1966,3:43:18,C4,C2202
6/24/1966,3:48:42,A3,C2211
3/17/1967,2:08:54,F4,C4372
3/17/1967,2:20:30,B3,C4396
3/17/1967,2:31:12,E5,C4413
4/27/1966,2:37:42,B7,C1384
4/27/1966,2:54:24,D9,C1411
4/27/1966,2:58:18,E9,C1419
4/27/1966,3:03:00,F8,C1430
4/27/1966,3:05:42,G8,C1437
4/27/1966,3:09:48,H3,C1444
4/27/1966,3:34:54,C7,C1487
5/27/1966,3:19:18,H4,C1782
5/27/1966,3:33:18,F10,C1794
5/27/1966,3:55:36,D10,C1843
5/27/1966,3:58:18,E10,C1850
5/27/1966,4:03:54,G9,C1856
